-- Test data for osmstats:
--   2 users (bob and alice)
--   2 projects
--   2 orgs
--   2 teams
--   4 tasks

INSERT INTO public.users
(id, username, access, mapping_level, tasks_mapped, tasks_validated, tasks_invalidated, projects_mapped, email_address, facebook_id, is_email_verified, linkedin_id, twitter_id, date_registered, last_validation_date, tasks_notifications, is_expert, irc_id, city, country, "name", skype_id, slack_id, default_editor, mentions_notifications, comments_notifications, projects_notifications, picture_url, gender, self_description_gender, teams_notifications)
VALUES(95488, 'bob', 0, 3, 20, 329, 60, '{135,272}', NULL, NULL, false, NULL, NULL, '2013-01-04 02:01:04.405', '2020-11-04 02:20:28.209', true, NULL, NULL, NULL, NULL, NULL, NULL, NULL, 'ID', true, false, true, NULL, NULL, NULL, true);

INSERT INTO public.users
(id, username, access, mapping_level, tasks_mapped, tasks_validated, tasks_invalidated, projects_mapped, email_address, facebook_id, is_email_verified, linkedin_id, twitter_id, date_registered, last_validation_date, tasks_notifications, is_expert, irc_id, city, country, "name", skype_id, slack_id, default_editor, mentions_notifications, comments_notifications, projects_notifications, picture_url, gender, self_description_gender, teams_notifications)
VALUES(21792, 'alice', 2, 1, 9, 0, 0, '{135}', 'alice@gmx.de', NULL, false, NULL, NULL, '2020-09-21 09:44:40.180', '2021-03-12 06:51:12.813', true, false, NULL, NULL, NULL, 'Alice', NULL, NULL, 'ID', true, false, true, NULL, 2, NULL, true);


INSERT INTO public.projects
(id, status, created, priority, default_locale, author_id, mapper_level, private, changeset_comment, due_date, imagery, josm_preset, last_updated, mapping_types, total_tasks, tasks_mapped, tasks_validated, tasks_bad_imagery, license_id, centroid, geometry, task_creation_mode, mapping_editors, validation_editors, osmcha_filter_id, enforce_random_task_selection, id_presets, featured, country, organisation_id, mapping_permission, validation_permission)
VALUES(135, 1, '2013-01-04 02:00:22.874', 2, 'en', 95488, 1, false, '#hotosm-task-135', NULL, 'http://a.tiles.mapbox.com/v3/geoeye.map-0zmhzttc/{zoom}/{x}/{y}.png', '', '2021-04-27 02:25:37.434', NULL, 2191, 710, 1480, 1, NULL, 'SRID=4326;POINT (120.49588939268975 -6.098594051083327)'::geometry, 'SRID=4326;MULTIPOLYGON (((120.48496888902794 -6.4993590804235435, 120.48720048692898 -6.494412870331824, 120.4877154710669 -6.48827267983966, 120.49132035997847 -6.48247354232443, 120.49526857165164 -6.467634269268457, 120.49887346056317 -6.460470326274842, 120.50299333361264 -6.457058889191795, 120.50419496324685 -6.449894796503898, 120.50659822252419 -6.447165591693477, 120.51020311144472 -6.446824440059184, 120.51088975695 -6.443583488086892, 120.50934480455419 -6.439830780990071, 120.50556825426634 -6.43676036363832, 120.50350831774158 -6.43454282845025, 120.49990342882104 -6.423796174714324, 120.50144838121685 -6.421237414169936, 120.50265001085104 -6.416290440655159, 120.49990342882104 -6.409978715059528, 120.49853013781056 -6.407590474189516, 120.49732850816739 -6.403837501665407, 120.49441026476107 -6.402302186770608, 120.4916636827311 -6.402984549516036, 120.49269365099794 -6.400255093063233, 120.49475358751371 -6.398890359366926, 120.4980151536816 -6.398378583290938, 120.49938844469212 -6.394796136407633, 120.50522493151368 -6.395819695222286, 120.50728486802943 -6.392749012630493, 120.50985978868313 -6.38711937999675, 120.50917314317786 -6.384560435599762, 120.5067698839005 -6.383195660025372, 120.50814317492 -6.380636696021727, 120.51191972520786 -6.378930712918638, 120.51449464586152 -6.373642129217321, 120.51483796861416 -6.368865297069254, 120.5143229844852 -6.363917816911365, 120.51758455064414 -6.365794452927051, 120.52153276231729 -6.368012286649908, 120.52273439196047 -6.361699965509241, 120.52359269884202 -6.356581810363696, 120.5246226670999 -6.35316967863495, 120.52153276231729 -6.351463604285487, 120.5184428575347 -6.34958691597002, 120.52771257189151 -6.348904482159219, 120.52839921739675 -6.344639250355679, 120.52479432847622 -6.3410564283562545, 120.52273439196047 -6.3384972545414815, 120.52273439196047 -6.336108680858088, 120.52736924912989 -6.337473581459969, 120.53028749254517 -6.3355968422016335, 120.53080247667413 -6.333378868824183, 120.54007219102196 -6.329966583482406, 120.54024385240726 -6.325359962513715, 120.54024385240726 -6.316999693688892, 120.53921388414038 -6.302667490186427, 120.5393855455167 -6.297548750067744, 120.54127382066513 -6.291406195312001, 120.53972886826932 -6.284751679064758, 120.54075883653618 -6.27724391752544, 120.53869890001145 -6.2711011230413805, 120.53681062486301 -6.267517792832344, 120.5361239793578 -6.263934438010432, 120.53990052964565 -6.254037425513677, 120.54041551378357 -6.247553074343608, 120.53835557725881 -6.2441402256636644, 120.53234742906092 -6.24465215438395, 120.53080247667413 -6.243457653258221, 120.53269075182253 -6.238850266257032, 120.53234742906092 -6.234754777140879, 120.5306308152978 -6.2308299033932535, 120.529085862902 -6.2265637029827134, 120.52754091050619 -6.223150717699461, 120.531832444932 -6.2226387679945505, 120.531832444932 -6.217348591846004, 120.53166078355568 -6.209327900719199, 120.53372072008041 -6.197723280346812, 120.53372072008041 -6.188337003603885, 120.53492234971462 -6.179633216180962, 120.54041551378357 -6.169393282998748, 120.54264711167562 -6.15727577320629, 120.54625200059616 -6.151643597042918, 120.54985688950768 -6.139013651820488, 120.55380510118087 -6.122628411877058, 120.55809663560663 -6.100951332753673, 120.55964158799345 -6.073981774725725, 120.56856797959765 -6.062544908343174, 120.57320283677608 -6.05076638953395, 120.56856797959765 -6.028232856177917, 120.56444810654816 -6.002113271664233, 120.56049989488399 -5.987260400186565, 120.55500673081504 -5.970529095843092, 120.55088685777456 -5.953626545066602, 120.54642366197247 -5.938260138518693, 120.54213212754667 -5.927674142346527, 120.53766893174459 -5.92203957767908, 120.53766893174459 -5.9148682304347115, 120.53543733385253 -5.904623287368916, 120.53543733385253 -5.892329105632595, 120.5361239793578 -5.879863893415313, 120.53578065660514 -5.874570362612668, 120.5320041063083 -5.865178490603163, 120.52839921739675 -5.857664879115827, 120.52788423326783 -5.851346536661463, 120.53045915392148 -5.846735809259794, 120.53166078355568 -5.841783504175493, 120.52633928087202 -5.8339280338818424, 120.5232493760894 -5.831707989717628, 120.51809953478205 -5.83341571677774, 120.51088975695 -5.820949189756708, 120.50385164049422 -5.807286924778233, 120.50625489977158 -5.797040008559988, 120.50985978868313 -5.790891769502021, 120.50814317492 -5.783718739372978, 120.50419496324685 -5.7775703554325775, 120.49990342882104 -5.7751792992009925, 120.49835847643422 -5.76732290054937, 120.49647020128583 -5.764248627972356, 120.4830806138885 -5.766468937615384, 120.47363923815539 -5.772105069217699, 120.4616229417686 -5.7878176248774995, 120.45870469836228 -5.797040008559988, 120.45698808459017 -5.813264206522054, 120.45355485705493 -5.833586489197782, 120.4501216295107 -5.852883437346897, 120.44943498400546 -5.873545802450054, 120.44737504748073 -5.895573430057229, 120.44480012682705 -5.9148682304347115, 120.44188188342076 -5.9321134558089135, 120.4427401903113 -5.957211978128882, 120.44377015856917 -5.972065665531774, 120.44686006335178 -5.979065539546626, 120.44651674059917 -5.997162359436134, 120.44720338610442 -6.010478503891973, 120.44651674059917 -6.023282181669703, 120.44600175647022 -6.037451233138961, 120.44926332262914 -6.049742158370049, 120.44857667712391 -6.056399626235151, 120.44857667712391 -6.064764020793474, 120.45235322741178 -6.078590592532326, 120.45836137560964 -6.087125336051602, 120.4621379258975 -6.091734041191875, 120.46007798937279 -6.105559919116144, 120.45372651843124 -6.115289026742943, 120.4487483385002 -6.13303992473109, 120.44651674059917 -6.140720418687566, 120.44823335437127 -6.145840686462641, 120.44668840197546 -6.154886372428316, 120.4441134813218 -6.160006503789376, 120.42969392565765 -6.1670039367794365, 120.42711900500397 -6.169222615768771, 120.42454408435029 -6.175366601417059, 120.42368577746873 -6.182022505423906, 120.42969392565765 -6.186459728239547, 120.4322688463113 -6.1902142722988795, 120.4384486558855 -6.196187355572371, 120.4411952379155 -6.200624459387507, 120.44359849719285 -6.213423588057049, 120.44325517444025 -6.2265637029827134, 120.44222520617339 -6.235949298104389, 120.44359849719285 -6.243457653258221, 120.4411952379155 -6.249600772870005, 120.44102357653918 -6.2623987069842375, 120.4441134813218 -6.2711011230413805, 120.45338319567863 -6.2711011230413805, 120.46625779894698 -6.2733193627350206, 120.47638582018539 -6.284922308750081, 120.46917604235327 -6.297548750067744, 120.46831773547171 -6.304203102374886, 120.47278093127383 -6.311027990408919, 120.46763108995746 -6.328431047723172, 120.46711610582857 -6.344298030285901, 120.46934770372961 -6.36920650084014, 120.46557115344174 -6.384048645185566, 120.45372651843124 -6.377395323270499, 120.45080827502493 -6.383195660025372, 120.45269655017339 -6.395819695222286, 120.45698808459017 -6.408614007360069, 120.4604213121344 -6.424478508686903, 120.46711610582857 -6.441195404963259, 120.47072099474907 -6.463199459381541, 120.47741578844324 -6.489296050120548, 120.4830806138885 -6.501917445868399, 120.48496888902794 -6.4993590804235435)))'::geometry, 0, '{0,1,2,3}', '{0,1,2,3}', NULL, NULL, NULL, NULL, '{"Indonesia"}', NULL, 0, 0);

INSERT INTO public.projects
(id, status, created, priority, default_locale, author_id, mapper_level, private, changeset_comment, due_date, imagery, josm_preset, last_updated, mapping_types, total_tasks, tasks_mapped, tasks_validated, tasks_bad_imagery, license_id, centroid, geometry, task_creation_mode, mapping_editors, validation_editors, osmcha_filter_id, enforce_random_task_selection, id_presets, featured, country, organisation_id, mapping_permission, validation_permission)
VALUES(272, 1, '2013-07-06 11:38:31.121', 2, 'en', 95488, 1, false, '#hotosm-task-272', NULL, NULL, '', '2020-12-08 16:48:28.918', NULL, 394, 311, 83, 0, NULL, 'SRID=4326;POINT (96.62686481706346 4.779946616576878)'::geometry, 'SRID=4326;MULTIPOLYGON (((96.6850213944416 4.904602247536837, 96.59850406047458 4.8922877705217225, 96.51061343548807 4.847132754167362, 96.4707879960398 4.785552873595959, 96.53945254680742 4.752708000336852, 96.58477115031567 4.711649708553393, 96.63970279093336 4.671957721050886, 96.71248721475042 4.655532791943136, 96.74956607216873 4.641845058056811, 96.76192569130815 4.678801328025279, 96.74681949013873 4.7171242880338315, 96.71798037881939 4.741759360835169, 96.68914126749107 4.756813695326672, 96.70562075967996 4.823869899497668, 96.6850213944416 4.904602247536837)))'::geometry, 0, '{0,1,2,3}', '{0,1,2,3}', NULL, NULL, NULL, NULL, '{"Indonesia"}', NULL, 0, 0);


INSERT INTO public.tasks
(id, project_id, x, y, zoom, geometry, task_status, locked_by, mapped_by, validated_by, is_square, extra_properties)
VALUES(7, 272, 25166, 16821, 15, 'SRID=4326;MULTIPOLYGON (((96.48193357646757 4.795416924428471, 96.49291990459058 4.795416924428471, 96.49291990459058 4.806364707641044, 96.48193357646757 4.806364707641044, 96.48193357646757 4.795416924428471)))'::geometry, 2, NULL, 95488, NULL, true, NULL);

INSERT INTO public.tasks
(id, project_id, x, y, zoom, geometry, task_status, locked_by, mapped_by, validated_by, is_square, extra_properties)
VALUES(9, 272, 25166, 16823, 15, 'SRID=4326;MULTIPOLYGON (((96.48193357646757 4.817312314965254, 96.49291990459058 4.817312314965254, 96.49291990459058 4.828259746004142, 96.48193357646757 4.828259746004142, 96.48193357646757 4.817312314965254)))'::geometry, 2, NULL, 95488, NULL, true, NULL);

INSERT INTO public.tasks
(id, project_id, x, y, zoom, geometry, task_status, locked_by, mapped_by, validated_by, is_square, extra_properties)
VALUES(13, 272, 25167, 16821, 15, 'SRID=4326;MULTIPOLYGON (((96.49291990459058 4.795416924428471, 96.50390623271363 4.795416924428471, 96.50390623271363 4.806364707641044, 96.49291990459058 4.806364707641044, 96.49291990459058 4.795416924428471)))'::geometry, 2, NULL, 95488, NULL, true, NULL);

INSERT INTO public.tasks
(id, project_id, x, y, zoom, geometry, task_status, locked_by, mapped_by, validated_by, is_square, extra_properties)
VALUES(2161, 135, 109399, 63369, 17, 'SRID=4326;MULTIPOLYGON (((120.473327615139 -5.9411677558213, 120.47607419717 -5.9411677558213, 120.47607419717 -5.93843591972309, 120.473327615139 -5.93843591972309, 120.473327615139 -5.9411677558213)))'::geometry, 2, NULL, 21792, NULL, true, NULL);

INSERT INTO public.organisations
(id, "name", logo, url, description, "type", slug, subscription_tier)
VALUES(73, 'HOT', 'https://cdn.hotosm.org/tasking-manager/uploads/1588741335578_hot-logo.png', 'https://hotosm.org', NULL, 1, 'hot', NULL);


INSERT INTO public.organisations
(id, "name", logo, url, description, "type", slug, subscription_tier)
VALUES(77, 'HOT Uganda', 'https://cdn.hotosm.org/tasking-manager/uploads/1588743196469_hot-logo.png', NULL, NULL, 1, 'hot-uganda', NULL);


INSERT INTO public.teams
(id, organisation_id, "name", logo, description, invite_only, visibility)
VALUES(9, 77, 'HOT Uganda', NULL, NULL, true, 1);

INSERT INTO public.teams
(id, organisation_id, "name", logo, description, invite_only, visibility)
VALUES(7, 73, 'HOT Global Validators', NULL, 'Group of validators vetted by HOT Global. To apply, visit bit.ly/HOTValidators
The group is public and open for Organizations to allow as validators on any projects (although it is up to the individuals to decide whether or not to contribute).', true, 0);

INSERT INTO public.team_members
(team_id, user_id, "function", active)
VALUES(9, 95488, 2, true);

INSERT INTO public.team_members
(team_id, user_id, "function", active)
VALUES(7, 95488, 2, true);

INSERT INTO public.team_members
(team_id, user_id, "function", active)
VALUES(9, 21792, 2, true);


